x,y
1.419413603434528381e+00,-3.241337343909333590e+00
4.171585529736260511e+00,-1.148440830233022147e+01
3.031691689035625803e+00,-8.971535737778594921e+00
3.726661774090466395e+00,-8.762810986786403689e+00
2.731212623339828838e+00,-8.920973839050299503e+00
3.400229690933519677e+00,-1.152155349997809353e+01
3.696729999650423704e+00,-9.562013585547603611e+00
2.705648655742247222e+00,-6.177303748782614790e+00
2.858343074623787228e+00,-5.575684998729509623e+00
2.623486126521872741e+00,-9.018705046627612631e+00
2.503995527326511539e+00,-5.689836412541566801e+00
3.024948936726100435e+00,-7.592998557858683384e+00
3.034356277154129256e+00,-9.489552832465404819e+00
3.674236678422834412e+00,-7.617376763329016143e+00
3.263160437173018291e+00,-7.444294294711459870e+00
4.693286532693366375e+00,-9.897108574711307227e+00
3.541667933284208036e+00,-9.144095104828945608e+00
3.370208497819997540e+00,-9.642725910828836788e+00
8.988517773573150293e-01,3.698511817945325131e+00
2.237777300993262664e+00,-6.373429661363734233e+00
3.230538590959867395e+00,-7.762538938900965135e+00
3.130240293133276452e+00,-8.361645646604907611e+00
3.172503461482173659e+00,-8.570434711214168999e+00
3.632609743909642308e+00,-9.566147082777437305e+00
4.975766227144743148e+00,-1.143957471667285830e+01
2.504749787328693689e+00,-5.699097584820265183e+00
2.570719138745458210e+00,-7.212754385785940414e+00
5.230014692738258475e+00,-1.302023092524139791e+01
1.376008145582130471e+00,-9.865524736559648789e-01
2.517623385266341884e+00,-4.992809306773800415e+00
1.904094362499064275e+00,-3.676302803849429424e+00
3.973534820190398165e+00,-1.241416159554145082e+01
2.685321206003441041e+00,-7.465338890121645754e+00
3.212963050039332913e+00,-8.622317141085638070e+00
3.324959178998744491e+00,-8.168999945085861469e+00
3.654868381958650048e+00,-9.281042882400090122e+00
2.445425189908946084e+00,-5.939049908621933049e+00
3.356269453540141168e+00,-8.151460932300803819e+00
1.843098771379477085e+00,-2.995050015447052072e+00
3.341827743552642005e+00,-9.344162015120772935e+00
4.865834104330197363e+00,-1.184223204786624883e+01
4.978473926308657482e+00,-1.121115709220430645e+01
1.881166971358399387e+00,-3.124199400998041831e+00
1.197705704044267350e+00,1.021700740821992692e+00
3.911985719509349035e+00,-1.016512740589108077e+01
3.461740249070133224e+00,-8.290636867459193482e+00
3.800395986125812087e+00,-1.100011280753650311e+01
3.820055251268638763e+00,-1.001922641013192283e+01
2.811093279796329281e+00,-8.875479363171326241e+00
1.681557089276130013e+00,-3.364958845348501981e+00
3.758730583788879809e+00,-1.004448572102207748e+01
4.071149237942341514e+00,-1.176992015168104544e+01
3.491579588407115242e+00,-9.022704116312887379e+00
1.907886263229546131e+00,-3.195288623238030645e+00
2.446420801080485763e+00,-6.445112281160652046e+00
1.157599587454875900e+00,-1.155733697722906433e-01
3.320268340374730176e+00,-7.473222387347433937e+00
1.685182900158654462e+00,-3.784288322016675643e+00
2.436990879003793964e+00,-6.373043322759002649e+00
1.110399387246182812e+00,-4.049567576624066856e-01
3.484794824851229045e+00,-9.041517485626389572e+00
2.923634790809976902e+00,-6.275636313403939681e+00
3.154256392918637797e+00,-9.070580677034159933e+00
3.201872344820016369e+00,-9.264069779151933304e+00
3.001707740486997622e+00,-9.251831054530507359e+00
1.436980551432178732e+00,-2.949872237390068985e+00
1.173584662116938571e+00,4.972418415677597459e-01
3.022446684741878720e+00,-5.850191903984583774e+00
4.653035836057146213e+00,-1.048080192831763036e+01
3.022046654669073185e+00,-7.345547975953416575e+00
2.496354317312920124e+00,-7.318534919126634009e+00
3.491686145060593383e+00,-1.120827051976930733e+01
3.682743141225312211e+00,-1.177285962061174018e+01
3.776612416879748135e+00,-1.077614825138929611e+01
3.670150460402879400e+00,-1.093448557879715111e+01
7.825467736445945732e-01,5.077435003733673291e+00
2.465247232294370150e+00,-7.368696781071640167e+00
3.550473896532314821e+00,-1.025718081739244347e+01
1.737873224086293966e+00,-4.374309151891845993e+00
2.248782920674707864e+00,-5.665906401011491234e+00
2.352678046013512603e+00,-4.900921570343024669e+00
2.865983889355657954e+00,-1.051346447983744170e+01
4.126905255381993598e+00,-1.377858605932850011e+01
2.641478642698308121e+00,-5.976136820960268103e+00
3.603119427519042794e+00,-9.742728214305415690e+00
2.094344229036619875e+00,-5.173006000214767752e+00
2.658528926268818093e+00,-6.473118246060278302e+00
3.691940968370684750e+00,-1.017672891751702657e+01
4.180068741410913447e+00,-1.178317422967635864e+01
4.079244652410995542e+00,-9.227841367098648107e+00
3.352509308191336412e+00,-8.869800950699616493e+00
3.279220845986303701e+00,-6.764356955964128559e+00
3.822110252011803766e+00,-8.599362947458919493e+00
6.271187253786840721e-01,4.530062083323612931e+00
2.978617532201165208e+00,-6.939009453080088541e+00
3.099868991251341743e+00,-7.938478190040378912e+00
3.815709210543742014e+00,-1.104258462212760961e+01
3.615773783111942308e+00,-1.075774720831821973e+01
2.461811591608909833e+00,-6.175007023949294904e+00
4.223319097574107950e+00,-1.091869250021661131e+01
3.402672714182245262e+00,-9.960155533230336644e+00
3.067866445316119073e+00,-9.607095423704782533e+00
4.841190163450561634e-01,9.006876466587932839e+00
3.778169937864665151e+00,-9.130694776974372928e+00
2.818889002560424739e+00,-8.414239633783228811e+00
2.073039577391375232e+00,-5.452731776114847051e+00
3.714781787462755336e+00,-1.041850377873805655e+01
2.818835633516885597e+00,-7.639485821556587730e+00
4.017686756361126932e+00,-1.060517197455820160e+01
2.602264331642251349e+00,-6.555306808799098661e+00
3.403783306700634448e+00,-8.726524458719467248e+00
3.844089644632180836e+00,-1.043388066904563161e+01
3.985410684370569889e+00,-1.149173842603769735e+01
3.984815586077139482e+00,-1.126352831478151550e+01
1.085158046989828318e+00,-2.150812720411909851e-02
2.277110079188967351e+00,-4.320863762712017220e+00
4.013516777284281467e+00,-9.255416830694878527e+00
2.161389220836402725e+00,-5.806622438908349615e+00
1.106325796345103196e+00,2.802301103825070694e+00
2.480457592381729803e+00,-5.931497826662838868e+00
4.223649278673252461e+00,-1.163601240735119369e+01
2.002588129083500590e+00,-5.880156258583642881e+00
3.811497174023338097e+00,-1.118141955087030581e+01
1.342394147071467758e+00,-2.486693897751202975e+00
2.200681845275703985e+00,-5.065046813838031348e+00
3.868006332967818484e+00,-1.150401306231683130e+01
3.737524907507827177e+00,-9.490033026596902843e+00
3.867784216850665313e+00,-9.754521262646067115e+00
3.003064847928406333e+00,-8.412896782375200999e+00
3.534635377688872815e+00,-9.404523278134631070e+00
3.044271737361852637e+00,-8.673799730318984658e+00
3.411490436199108078e+00,-1.070708648828604836e+01
3.091866217229698233e+00,-8.121341217013805291e+00
3.882807282354785450e+00,-1.069142130781983901e+01
2.777547581877404248e+00,-6.364565496664799760e+00
3.223733671149305646e+00,-8.327450393974316967e+00
4.356788490794636814e+00,-1.098864708340924778e+01
1.857016031283843960e+00,-4.856273810112011091e+00
2.953502117472292632e+00,-6.513989964940424926e+00
3.223242987250133584e+00,-9.172121147967853716e+00
2.189601881416915141e+00,-6.621756310039581983e+00
3.537959894786332882e+00,-1.014105261165367544e+01
2.986413521185724562e+00,-6.416067730050000861e+00
1.353169947739190304e+00,-6.033642095054444487e-01
3.608567169503866801e+00,-8.912186697771540267e+00
3.378658376382656314e+00,-8.036220513232636975e+00
2.821371678534388305e+00,-6.785955723883894564e+00
2.889303040420690749e+00,-8.497554696928544260e+00
4.670735370910539253e+00,-1.115017305173237716e+01
3.119171197505922422e+00,-6.067340626488862299e+00
2.247760660991195536e+00,-7.439237743254430768e+00
2.241105964972244458e+00,-4.423592159204949859e+00
2.237241551574572718e+00,-5.199807832074970548e+00
3.077770036857339075e+00,-9.311440992874151945e+00
1.820774247394794321e+00,-2.151319472260303289e+00
2.077052176917067783e+00,-5.177000407955295813e+00
2.874141149211396851e+00,-8.026120292677754620e+00
4.022431497395357880e+00,-9.553957476193525977e+00
1.231872329788992415e+00,8.428438157770945516e-01
3.250810883115462957e+00,-8.262418927378718081e+00
4.362727334070175544e+00,-1.017839646014794752e+01
1.468341002736687440e+00,-2.093013171752484691e+00
4.079522682753238705e+00,-9.689840327056424840e+00
4.195707412957669469e+00,-1.033571312617137394e+01
4.408672942323056176e+00,-1.024637265703721667e+01
3.251340882344252226e+00,-8.558603346722879479e+00
2.600094875063158728e+00,-5.232646720593257861e+00
4.471255737191098589e+00,-1.008248005142372605e+01
3.048046221266866862e+00,-8.857972920006149664e+00
2.635843131624337143e+00,-7.665886318153208201e+00
2.417384756931541645e+00,-7.981437327862999531e+00
3.205880180090356468e+00,-9.893242243740575148e+00
2.791897875595546363e+00,-9.565779115478218131e+00
2.250930368692288575e+00,-6.004295737788266862e+00
3.038447955272020273e+00,-7.078640013893448213e+00
2.852430847991030305e+00,-9.203399879620578261e+00
3.147490375224747616e+00,-7.900260939127552007e+00
2.907509868878892956e+00,-8.989418452918590319e+00
2.707343462645302790e+00,-6.467195635702029932e+00
4.029722209456072513e+00,-1.017920103713116298e+01
3.034022970104903738e+00,-7.820832948905262150e+00
4.004918892304633715e+00,-1.160712388095731207e+01
3.893480631332947528e+00,-1.036911238851621597e+01
2.386396034431855107e+00,-6.765851887188298441e+00
2.238317846026832925e+00,-5.510872764305292826e+00
2.576097034008991482e+00,-7.375190424301143466e+00
1.482107370806589497e+00,-1.128315854993991785e+00
3.011406302844426452e+00,-7.610121573081524815e+00
4.070923976262138311e+00,-1.070450755275811794e+01
1.247507461226510461e+00,2.022030640805478896e-01
3.768598579137982352e+00,-1.022376137117502992e+01
3.020549088891218759e+00,-7.310980433119606658e+00
4.460606067663440477e+00,-1.128113327687174205e+01
2.784640170458198227e+00,-7.575252997294407820e+00
2.894400190622602675e+00,-7.590930386056172097e+00
3.170107807978318260e+00,-8.650858384953219016e+00
3.902249709799054056e+00,-8.846554841786174350e+00
1.892128112161279851e+00,-3.317661173555642939e+00
3.022061156630766909e+00,-6.011156922198480856e+00
2.670515726880019702e+00,-7.131281354863356015e+00
3.100504058158940701e+00,-6.419457040233625733e+00
2.976474945667101135e+00,-7.487625469774866538e+00
2.873807415895428985e+00,-6.980837746256527865e+00
4.495192481502412463e+00,-1.198773436151886607e+01
2.365379080619147256e+00,-4.974289637785547669e+00
2.650220598739646327e+00,-6.620215420284181640e+00
2.877054539962318191e+00,-9.199487942893025405e+00
2.636343208647184078e+00,-6.315372694992206881e+00
2.872035920601940351e+00,-9.769058668300081294e+00
2.545169364991922922e+00,-8.118762546133638125e+00
1.285509179577169370e+00,1.850074758611415016e+00
2.881625191627080529e+00,-7.121790354828577030e+00
1.873725789327838509e+00,-3.746405497958292585e+00
4.042151215657447061e+00,-1.030806363491970146e+01
6.521675469237361966e+00,-1.580836891035746561e+01
2.664067956581565255e+00,-6.618080853285499998e+00
1.940924116216995898e+00,-4.217274372427859852e+00
1.924232057083689051e+00,-3.224162249239407529e+00
4.662133333708144534e+00,-1.228674224453080832e+01
2.416973524230289438e+00,-6.852010174484689742e+00
1.833418421751246807e+00,-1.752153974480437526e+00
3.371901961020358662e+00,-9.787647558480662369e+00
2.941207317936263888e+00,-7.793083478862298463e+00
2.873247348723089178e+00,-5.981097843696126404e+00
3.431950548816098401e+00,-8.116111212161378319e+00
2.507388267702615803e+00,-5.943889144559396875e+00
3.473352455445917197e+00,-9.921442683412548647e+00
2.592534983437071006e+00,-7.906157235655777882e+00
1.275434761278858797e+00,-5.580371116758380268e-01
2.341187451712631429e+00,-5.945020278074347075e+00
1.729781403664810036e+00,-3.146840106430915718e+00
3.252459261799880430e+00,-8.226843093493052095e+00
2.430360192337495118e+00,-5.594507942077093787e+00
2.765977306677062764e+00,-8.240203311421598897e+00
2.347371868362837954e+00,-6.719954280929068879e+00
1.795182487225074786e+00,-4.679788452888016259e+00
2.685192631026762644e+00,-7.224092071136673177e+00
3.395037529150196853e+00,-9.104352935211355913e+00
1.618917812215895369e+00,-1.869749004650055779e+00
2.680689227511127370e+00,-7.081252946096470602e+00
2.637147330636424591e+00,-5.823382199538453818e+00
2.979064202985552523e+00,-6.797725339080638918e+00
2.653967824879108761e+00,-7.706745633567154030e+00
3.036857109761469165e+00,-7.035986458686989131e+00
2.649263682543764098e+00,-8.065675810618463615e+00
3.911470658502588016e+00,-1.093081362188151573e+01
3.841254758056619867e+00,-1.056826737138886685e+01
2.811136198868715130e+00,-7.555313512612923610e+00
2.757633011491785524e+00,-5.883328561224486997e+00
4.362032451346387063e+00,-1.074034302722759904e+01
3.721215766775868961e+00,-1.070041212964063781e+01
2.795661900154589041e+00,-7.422674799268051515e+00
1.653386866879469341e+00,-3.862981351671456398e+00
3.407245532566607338e+00,-8.266916466717132650e+00
4.034097658452615143e+00,-1.067618755822927845e+01
4.854462223930076981e+00,-1.205020468818727331e+01
4.265099008907990097e+00,-1.010707912002494879e+01
4.573969132843545893e+00,-1.216772947760298251e+01
2.692363248862360336e+00,-6.829486124000892389e+00
3.457637460207683144e+00,-1.087678527792941630e+01
2.077189270850191338e+00,-5.757510693572274185e+00
2.803027314192814590e+00,-6.830975287863077838e+00
2.226464209682573081e+00,-3.893026860134859213e+00
2.710446949156870122e+00,-6.653767560201696796e+00
2.382310619680980679e+00,-5.579247412501709746e+00
4.859052349223025757e+00,-1.229310092582209180e+01
4.316262598900975078e-01,6.956150252114122523e+00
3.689712119860379502e+00,-8.835979906355738933e+00
2.925471743349453924e+00,-5.647270287523099341e+00
3.113261550902699515e+00,-1.001393053965028024e+01
3.472913377021394243e+00,-9.485549833006317044e+00
2.409038861541063614e+00,-4.862480791826047977e+00
3.143570915408935740e+00,-9.672962482665919737e+00
2.445334341167225034e+00,-6.317875180955408787e+00
3.045760258435771917e+00,-7.256197612814765385e+00
2.922115251615282627e+00,-7.790480180420053635e+00
1.185297304260897633e+00,-9.660260970208794928e-01
3.055629811868293633e+00,-9.618770131327840645e+00
2.696229227937174677e+00,-6.617557476765772329e+00
2.383088303217792081e+00,-6.845372925785722096e+00
4.243123682681144260e+00,-1.072143828626950679e+01
3.950730440909169694e+00,-8.337182165548815860e+00
3.188355365983676304e+00,-8.607980764840528209e+00
2.670873877907649074e+00,-8.061183087620470644e+00
2.308601445068628966e+00,-6.718083973899005024e+00
4.041520185477712523e+00,-1.166767140998755892e+01
2.297423476020078681e+00,-3.553265017639531287e+00
3.470396532979783899e+00,-9.659812558706846630e+00
2.794004960923110126e+00,-8.201456867441718757e+00
3.467852907028593723e+00,-8.891980409180726852e+00
4.977373128145504921e+00,-1.265283794594309086e+01
2.973369978244022160e+00,-8.067978582074214700e+00
2.925756443947900909e+00,-9.725142414467015328e+00
2.373716435738089103e-01,1.314262515630298545e+01
3.551161839267069187e+00,-7.356943512769472449e+00
4.663464602205855236e+00,-1.251463474647134078e+01
1.941135026315166101e+00,-5.325561802849716919e+00
3.790166296280052194e+00,-9.784177259556461337e+00
5.089849501983934488e+00,-1.255790206766661576e+01
3.352230458421946668e+00,-8.147751947860903954e+00
3.277974240466548839e+00,-7.793720899199110264e+00
4.144826508800105280e+00,-1.148961153061477880e+01
2.581840291012724276e+00,-7.325413153727974525e+00
3.132227530386368031e+00,-8.161686847371438347e+00
2.309866885050525287e+00,-5.334217716267975362e+00
2.234972666977287581e+00,-6.117584333774487959e+00
3.187020377017756090e+00,-7.451474506448860780e+00
1.474799885097090035e+00,-1.540171124030456529e+00
1.258928751633922927e+00,-1.467630798608324350e+00
2.441297319779039743e+00,-5.297482945856717862e+00
3.089533717087176168e+00,-8.671341038600880680e+00
3.796660187652156182e+00,-1.154571756803214377e+01
3.330765939608169024e+00,-8.132721490893413119e+00
2.299270015627458363e+00,-7.412780201186978779e+00
4.062609739598263658e+00,-1.093478416044124124e+01
2.848408296559992170e+00,-8.120871585481214794e+00
1.765212013619619880e+00,-3.556712103253037771e+00
2.365518868014653275e+00,-7.742932533626130542e+00
2.923913632640519289e+00,-8.053366460344820510e+00
1.153170331823795358e+00,3.199321894803943134e-01
1.941101206913850463e+00,-2.394190265317694966e+00
2.430897979975298107e+00,-6.771675471145323755e+00
1.692236629145839055e+00,-3.406626246665384272e+00
2.878138292118174846e+00,-8.625651211994370016e+00
3.927304809511498629e+00,-9.893631337063313325e+00
1.595668846631414839e+00,-4.411090062017875901e+00
3.022759457430987062e+00,-8.416870766154971761e+00
2.496187865369556835e+00,-5.678642443336270773e+00
4.193482630903883290e+00,-1.101432889875060894e+01
3.780574285560942549e+00,-8.872595389847093728e+00
1.978735304575047538e+00,-4.146004212065143690e+00
1.830756957995313572e+00,-4.310961049107402410e+00
3.746382807444052165e+00,-8.802369173545697478e+00
4.416092902465358350e+00,-9.500029461902533612e+00
2.457576327809061212e+00,-5.959610926134734754e+00
4.118448284895574574e+00,-1.002323844937418151e+01
3.596271114886119058e+00,-7.976295980251967066e+00
3.843012321817244725e+00,-1.058875800152638114e+01
4.940209578369733734e+00,-1.128025708923157744e+01
3.123473367142092005e+00,-7.683447512740817942e+00
1.886548797313710280e+00,-3.098331766950259691e+00
3.351604902927899587e+00,-9.612131359871215253e+00
4.389899284953578729e+00,-1.095367440698728423e+01
4.504919395133182292e+00,-1.253681947452055212e+01
3.470651708861557161e+00,-9.894899748557016039e+00
2.342944850654719247e+00,-7.770043700466562342e+00
2.136983351597121050e+00,-6.408782869842105434e+00
2.114516815858686893e+00,-5.445752839844717030e+00
4.008412013783425820e+00,-1.037662648386231368e+01
2.162838347726321775e+00,-6.037534965382467256e+00
3.213767269042665742e+00,-8.149670394694974007e+00
2.596019236569275357e+00,-6.084989113861221988e+00
2.734244994178578025e+00,-7.509710641765241945e+00
4.291172346732669673e+00,-1.088309467747438219e+01
6.460719639446646845e+00,-1.375113253767561261e+01
2.624638806409658631e+00,-6.511968044579360182e+00
1.257518837187394212e+00,-4.548779173978618195e-01
4.021048212128306432e+00,-9.984261957379354513e+00
2.430731805736406681e+00,-5.160214808551346621e+00
2.863671970652319931e+00,-8.108876590397144923e+00
2.815466596695769042e+00,-8.187391976084049006e+00
2.429778507596579651e+00,-6.577369042765306872e+00
2.652838778992962609e+00,-7.254294535484087980e+00
4.413497637300467069e+00,-1.267795384810269432e+01
2.282350521395494880e+00,-6.275352630038337765e+00
3.504132247296881442e+00,-8.181903935813213735e+00
5.258787699121250547e+00,-1.307165727152008294e+01
2.378287364233560019e+00,-4.866287277224554231e+00
4.046795003456218787e+00,-9.957974412204102066e+00
8.817198786395308296e-01,3.027573534053961346e+00
1.870925589922845189e+00,-5.033053756133087475e+00
2.983829048899927727e+00,-9.092285616750055866e+00
3.421851666513117785e+00,-8.204599591367271572e+00
1.721988871958020750e+00,-2.999743544734979395e+00
3.829760957885819384e+00,-1.001447819896300473e+01
1.704918396389445423e+00,-3.515728035752616165e+00
3.670777426366006679e+00,-1.089584226155927738e+01
1.753519675504438657e+00,-4.335285153818759341e+00
2.241740839747123015e+00,-4.832059989543687983e+00
4.341264378783169953e+00,-1.183959477992707754e+01
1.754640437432535505e+00,-3.534829392007764692e+00
1.434131446808459831e+00,-3.185438507444709799e+00
3.466584350334259046e+00,-8.680079295129768724e+00
2.329900159759405120e+00,-6.136666345614505857e+00
2.692369288237459468e+00,-7.445633769407172586e+00
4.144703885156826750e+00,-9.432901943024834424e+00
4.433552106085820732e+00,-9.458495815608413793e+00
1.045873204509628840e+00,5.098618386839680605e-01
2.710055467621218295e+00,-5.519093010301770796e+00
2.244276118644271456e+00,-6.329856610835075337e+00
2.482703333131957457e+00,-7.609898610638732741e+00
2.497573181273279985e+00,-3.961449679243611577e+00
1.961783573355659671e+00,-4.421295773066283630e+00
1.726683232314667027e+00,-2.236801898378359077e+00
8.725145602151589408e-01,3.209510171517794053e+00
2.500888318422596068e+00,-7.579296191390533899e+00
2.586684299334804038e+00,-5.132981034772977402e+00
4.136732950883536652e+00,-1.199003827288994017e+01
4.257893284974043624e+00,-1.135177787708264141e+01
3.600391658635996084e+00,-1.028967228696469149e+01
3.578382224379783594e+00,-8.798529969285597829e+00
3.513271193204402287e+00,-7.636398021963928251e+00
3.756792517535520126e+00,-9.859808796865639380e+00
3.545523980414523990e+00,-9.725372613804175614e+00
4.020158710829131898e+00,-9.340577743075950679e+00
1.317936103063208408e+00,-2.013095224426631802e+00
2.551062285639006166e+00,-5.928715439824126854e+00
2.617327137626080713e+00,-6.713203149025679828e+00
3.539382923622215849e+00,-8.803160871069838578e+00
4.632897040585349124e+00,-1.043705068180896767e+01
3.657664799377674747e+00,-8.899957250217791938e+00
3.710828162738592173e+00,-9.202711625962317399e+00
3.458206929514325623e+00,-9.540456874272702947e+00
2.843206026495292971e+00,-1.058856309299018150e+01
4.195847699126629138e+00,-9.664541696600473131e+00
3.217294602577980278e+00,-7.688651745213459954e+00
1.505354887079416226e+00,-2.912967335343265685e+00
3.321367478679135843e+00,-8.968328133797509594e+00
3.686122355220963431e+00,-7.832305350408883982e+00
2.914770403568450519e+00,-8.646544804512499738e+00
1.358295383191531869e+00,-2.657883984739268790e+00
4.358392403439093954e+00,-1.069781947685024370e+01
3.502607973553734766e+00,-8.332027818953958942e+00
3.042664563020167634e+00,-8.904634772741852444e+00
2.412985093731550901e+00,-6.605019383045388714e+00
3.718926362816369569e+00,-1.049120133710643721e+01
3.529663455474810085e+00,-9.661683690494413668e+00
3.351823134970854934e+00,-8.943165666625755961e+00
1.365432962889226109e+00,-2.776247267164281496e+00
3.665082314811290765e+00,-1.136398881602235278e+01
1.837325923800860572e+00,-5.204733335837884667e+00
3.588551384536564637e+00,-1.031078735550510039e+01
3.487482426190754659e+00,-1.047569235612224148e+01
1.579198646997139299e+00,-1.409363903900091808e+00
3.202232448705508272e+00,-1.074798242121643455e+01
3.058474207839719572e+00,-8.886470587631729146e+00
3.192205671445226933e+00,-7.726925273480475198e+00
3.114310575017699811e+00,-6.758063802817710908e+00
3.126798364622674242e+00,-7.240249699155991259e+00
3.780448539681800835e+00,-1.076098571537197301e+01
1.805762157572305515e+00,-2.159662856297981381e+00
4.188512406102226748e+00,-1.157216044547377720e+01
2.036158405056434528e+00,-5.408920304667352852e+00
4.624240619173912492e+00,-1.123840056461830628e+01
1.824182449715439525e+00,-2.774859901058157163e+00
4.170820675821281576e+00,-9.634463624351038646e+00
2.758275421075605305e+00,-8.586315120233290799e+00
2.831703191142272313e+00,-6.713989663016652898e+00
3.100032537816426625e+00,-8.843266890742329522e+00
1.928867495526781051e+00,-5.042791802187403860e+00
2.849384953196352654e+00,-7.053498305206427510e+00
3.031443453378930730e+00,-9.281289864124021349e+00
2.327418485411095528e+00,-6.835865358648407941e+00
1.139708938052428566e+00,1.842265426363833614e+00
3.129007503223156128e+00,-8.872788022341945080e+00
3.198228855918313851e+00,-7.979625810828898658e+00
2.863090408843942392e+00,-5.038095422470075135e+00
3.008459391778250502e+00,-7.842350002167514766e+00
3.921083401713771011e+00,-1.219421705523937405e+01
2.234730128929428350e+00,-6.953283472911317098e+00
8.384690106255305864e-01,3.431964002809426706e+00
3.308633944770778879e+00,-9.694324844937804997e+00
5.140106192828824305e+00,-1.404892537008316999e+01
8.282755869005424820e-01,4.193579710470995536e+00
3.962476211651900115e+00,-1.044382849352550302e+01
4.001499639034243216e+00,-9.343249538925993747e+00
2.252390941012251346e+00,-5.729150707412247634e+00
3.678091136002533013e+00,-8.761496931848318681e+00
4.390831717525240485e+00,-1.272629259550713954e+01
1.793215243625329247e+00,-4.351192705897778623e+00
2.611418780562726472e+00,-5.881185821546830894e+00
3.379571360646346001e+00,-8.900320886304687207e+00
2.745108133567736530e+00,-6.983734414381517652e+00
3.173081945758305267e+00,-7.058189880503161540e+00
1.480899985656396467e+00,-2.668759210104761692e+00
1.854961318085940336e+00,-2.426056055725807514e+00
2.069293597978510313e+00,-5.682172629721635282e+00
4.737724936688301192e+00,-1.237701824918694271e+01
4.332838601178819360e+00,-1.115824643491982826e+01
3.288801619609067028e+00,-8.912264948408543219e+00
2.560401586878892743e+00,-8.192822919183639030e+00
3.581393368312655756e+00,-9.728896094094057645e+00
3.509625646584102476e+00,-9.658291839529949740e+00
3.347635049363828941e+00,-9.338640769375082584e+00
3.701254843938279748e+00,-8.499677061104733866e+00
3.911530024713894438e+00,-1.109423178732321347e+01
3.207410016789483898e+00,-9.221684621705460216e+00
3.523401397618570741e+00,-8.534630316330162003e+00
1.291990456821695776e+00,-9.373274272756474401e-01
2.589630376288576841e+00,-5.127180057442247474e+00
2.592330216157525680e+00,-7.205399949935265447e+00
2.540620794175469932e+00,-6.227526296626393787e+00
3.845063106780256312e+00,-1.118002349863629519e+01
1.960289005486926417e+00,-3.537534946444348627e+00
2.009803691988604868e+00,-4.162761585319619151e+00
4.687255329845840812e+00,-1.043715759989160219e+01
3.092988586280069896e+00,-9.602618605075761593e+00
3.077659482409817571e+00,-9.160775547027613541e+00
4.347772940969095501e+00,-1.322818943688590565e+01
2.560043728032010524e+00,-6.965441031582344955e+00
3.396206733286598833e+00,-9.136135572968404617e+00
2.970174303166044361e+00,-6.205895430817599312e+00
2.874274405802541565e+00,-8.329867396466520191e+00
2.690147834332901056e+00,-7.275194097834630114e+00
2.999158916548291476e+00,-7.922854789605259462e+00
3.081331710049066697e+00,-7.840640375516779947e+00
3.389970188535036399e+00,-7.718666782313174934e+00
2.559539616382612959e+00,-6.165808472094533421e+00
2.984311534039883806e+00,-7.689360835141076933e+00
4.910381313480189469e+00,-1.190518912128809781e+01
2.576218484493673966e+00,-4.950413975979463643e+00
3.397625451217218817e+00,-9.876130393041034239e+00
3.799287830296244284e+00,-1.175671254847335234e+01
3.777452397271367612e+00,-9.677857770164180806e+00
3.755541767896561023e+00,-8.742705688893243732e+00
3.946987351973571645e+00,-9.971818922010477593e+00
3.140245402279450371e+00,-7.329728491405336221e+00
2.656845225994902915e+00,-6.981005586645970595e+00
3.929259195004930039e+00,-1.056068050099008993e+01
3.283799185321112812e+00,-7.497855408103975883e+00
2.816128043511439749e+00,-8.195883259008132526e+00
3.873902477494771457e+00,-1.057238637931289027e+01
3.590849793277890889e+00,-8.922864593961362445e+00
2.342570581148061937e+00,-4.254635740684804546e+00
2.538237846219606908e+00,-8.110226089859649434e+00
3.429318935944792646e+00,-7.582136629913453163e+00
1.592558773203563094e+00,-2.226098753234960093e+00
4.079057849399624125e+00,-1.244320588514330339e+01
1.880513168701687388e+00,-3.861610983830566113e+00
3.931151693756923748e+00,-1.105715076193565238e+01
3.685928142427506771e+00,-9.391085184468661140e+00
2.958049940485157681e+00,-9.492355680995329337e+00
2.257205902136378839e+00,-6.391450807816065449e+00
2.191261272172580821e+00,-6.334656109834675419e+00
2.530961788537001933e+00,-4.003259162178613551e+00
4.727159584732492981e+00,-1.096757236249332124e+01
3.860616475507022471e+00,-9.328495851452725418e+00
2.102291491759231246e+00,-7.196475096609640687e+00
3.275312713017085375e+00,-7.824998022909319673e+00
2.318860470332232637e+00,-6.598694020729271692e+00
3.564596676042445900e+00,-1.132108655506872807e+01
3.939842857973385293e+00,-1.041196596136550667e+01
3.107592841354967383e+00,-8.198647368794965473e+00
1.436268975446163054e+00,-1.128060654151575193e+00
2.067004834097084132e+00,-3.382558580028165007e+00
3.507141459129807348e+00,-8.702834427626678249e+00
4.629965741172617832e+00,-1.207587079424492060e+01
1.839797914641043697e+00,-4.193166801770324525e+00
2.694533517221847863e+00,-6.580635754497995649e+00
3.999237872428123453e+00,-1.150831371620884092e+01
5.077783285177767780e+00,-1.392557176180771350e+01
1.774297702430972290e+00,-3.003750795368583582e+00
4.575110153609733388e+00,-1.057915409556048303e+01
2.993491858647957304e+00,-8.628583804663307433e+00
2.203853846209564704e+00,-5.380668900805719801e+00
2.818488361622526917e+00,-9.092934130639743984e+00
4.027414059590689988e+00,-1.045921378691664749e+01
3.779178949856157210e+00,-1.101948918622433382e+01
2.454766805874196489e+00,-5.138802222591873914e+00
1.527923882593158478e+00,-4.041456000073467614e+00
3.172528615795639162e+00,-9.465115810818414133e+00
4.883093927164702919e+00,-1.092618036025643491e+01
1.902462722718196719e+00,-3.683983914732951614e+00
3.463312408864454905e+00,-9.756583037732101005e+00
3.234092423479990153e+00,-9.509820013794938021e+00
1.320065504588296079e+00,-8.359378885054220554e-01
2.995692107159348083e+00,-7.635934484847803461e+00
1.881437262301839608e+00,-4.323954409386661979e+00
1.818835332183592612e+00,-2.394262497204687978e+00
3.467644605695864080e+00,-1.088017069527200498e+01
2.083308471111443794e+00,-4.707377480259498981e+00
1.577137366517738615e+00,-3.701942791005677247e+00
1.591083226257583361e+00,-2.619292701532672130e+00
2.717582680065395717e+00,-6.761802598991933699e+00
4.265335860675651958e+00,-9.902546994140246639e+00
2.577597016307132449e+00,-6.758008973041493839e+00
2.460465848364778552e+00,-8.279038553672464218e+00
2.173029830269618046e+00,-5.013511960001475920e+00
4.019543758275664125e+00,-1.134297173698197270e+01
2.377546391119896185e+00,-5.619108952225928988e+00
4.510210004257749539e+00,-1.148932833052616687e+01
2.298634613557728912e+00,-6.094543626702142447e+00
1.266383254830777849e+00,1.311497800803165026e+00
2.777826501075762788e+00,-6.768379278375718400e+00
2.684363413238942897e+00,-6.277899179264540663e+00
2.922211549939956132e+00,-9.023913353474322108e+00
4.777897326259763489e+00,-1.210325939203439560e+01
2.566076971918684446e+00,-8.126403012829994665e+00
2.866402016677813247e+00,-7.361737304498479517e+00
2.399078176073146551e+00,-5.271882575562145234e+00
4.614431528406869987e+00,-1.079752684483536562e+01
4.042387372917214172e+00,-7.806852579258388047e+00
2.402720607898997773e+00,-5.760871180004997427e+00
2.834685307093326667e+00,-9.474793305503961705e+00
4.342230146816845604e+00,-9.529142445021445695e+00
3.168113328069377843e+00,-7.500568684602079372e+00
3.247710494360047662e+00,-8.212674365073162619e+00
2.800971437347014703e+00,-6.121753198435189169e+00
2.649783076644598001e+00,-8.557962378939995673e+00
1.916086380591022209e+00,-4.171089992847018202e+00
3.615158106622614831e+00,-1.034810910395134265e+01
2.164788426424788526e+00,-5.819400364681785121e+00
1.333978486270219754e+00,-1.255503754169038144e+00
3.125738977454432632e+00,-9.800513316268624209e+00
1.899076057736521772e+00,-3.790678412809066700e+00
2.793745809403432645e+00,-8.064010447060947939e+00
2.785041963096074991e+00,-8.445256984785199705e+00
1.020832732897002382e+00,4.955310764394751377e-01
3.193774718517353506e+00,-8.197111422787402901e+00
2.944983456852876103e+00,-8.538438064225504220e+00
3.669630191534564823e+00,-1.012486684428360384e+01
3.223162281530556506e+00,-8.830690946247276685e+00
5.293466894814669921e+00,-1.357677244723911159e+01
4.157698273985758419e+00,-9.486382729434168937e+00
2.714038908211165335e+00,-8.091328931115192802e+00
5.045612425463556150e+00,-1.054966416709654098e+01
3.416539412079023563e+00,-9.694827733999876074e+00
2.338283279116517122e+00,-5.039312520230557091e+00
3.270114518878421528e+00,-8.116878205311635952e+00
3.251763423415394261e+00,-8.986144075567123579e+00
2.415574378757427532e+00,-7.234585168263334864e+00
3.949350311628834653e+00,-1.016931453351617343e+01
4.285132718591752266e+00,-1.149654018569394154e+01
4.155885616353693024e+00,-1.271687273302046606e+01
1.820540199917577429e+00,-3.976049991895310942e+00
3.461542505814754200e+00,-8.323487575190320342e+00
3.991588569113612817e+00,-1.035003363307019342e+01
3.339488964692515882e+00,-9.537421783526372820e+00
4.665340520030357929e+00,-1.123056474501343871e+01
3.655852089073073241e+00,-9.320455512966121958e+00
2.688164279736271034e+00,-5.981596036575996145e+00
2.649457201541552731e+00,-6.230522222866370363e+00
2.087330367586046620e+00,-4.959863453009154100e+00
4.227543460081237825e+00,-9.740562996845236299e+00
2.356503874028202272e+00,-6.462619642829249500e+00
4.465086443864288768e+00,-1.358846382152075805e+01
3.789582967945260172e+00,-9.153325807037379747e+00
2.497392043905146242e+00,-6.178597182173872326e+00
3.005425452320905411e+00,-9.656232700052328255e+00
3.829221183583504384e+00,-9.408441551632979127e+00
3.230050611335507860e+00,-9.091654756958179817e+00
4.361183159828282641e+00,-1.128449766787412578e+01
1.398485390561623465e+00,-3.599796157066414981e-01
3.192409417303885721e+00,-1.029978784870532849e+01
3.073638005646771809e+00,-8.756149825571940326e+00
2.792065297614570785e+00,-5.091526690146421785e+00
2.213732748085719848e+00,-6.509362678246308320e+00
4.117617249531467571e+00,-1.104901140814033234e+01
6.930279782610964112e-01,3.783043871513805279e+00
4.248301323633427273e+00,-1.043894210914046106e+01
4.391400192939703295e+00,-1.176362889262987288e+01
3.683345834023998400e+00,-1.160476033984186728e+01
3.870489713957793843e+00,-9.872248508853759930e+00
2.286578912983259215e+00,-7.100737696092449980e+00
3.583555799941528619e+00,-8.298860122511454662e+00
3.510599028474933991e+00,-1.091536832687601333e+01
2.890666451327091657e+00,-6.030542943633330211e+00
1.830941275181412919e+00,-5.094307016345568151e+00
3.530461750403107501e+00,-9.318537250239211644e+00
2.078723162406127756e+00,-4.136518714922554629e+00
3.484698527407484647e+00,-9.336079604299953871e+00
3.500639606752721456e+00,-7.682286454837859324e+00
4.994110555479979396e+00,-1.157242996738588658e+01
2.230441000603081925e+00,-4.812064057234404224e+00
1.055733072237884373e+00,3.791345709914388795e-01
1.874484182392665232e+00,-5.462084904131200958e+00
5.224843321481699832e+00,-1.243683420223137404e+01
1.973045669150837567e+00,-5.434624991822205153e+00
3.201352103635966451e+00,-8.341514253701634019e+00
3.441741820677380215e+00,-9.281608570324463514e+00
3.841009386707341822e+00,-1.088090546909383427e+01
2.314961324013689925e+00,-6.118970125691031825e+00
2.390374718899880957e+00,-8.072161067493061282e+00
2.267057077220529848e+00,-5.753872367655023190e+00
2.026322368332799329e+00,-5.069854859407281644e+00
2.784792726867932888e+00,-7.875552141664178052e+00
3.521793525773017297e+00,-7.127042537338271977e+00
4.375061814061545817e+00,-1.160805726074023347e+01
3.533416355427534850e+00,-7.712138171450146906e+00
1.452272509043843085e+00,-3.060395209579125364e+00
3.374967675872957429e+00,-7.234440252221051360e+00
3.241411857144471664e+00,-6.502189548750788362e+00
4.418644011361680057e+00,-9.745275772566360573e+00
5.041681498315055521e+00,-1.258505670625875617e+01
2.764458079470030416e+00,-7.158812337810359416e+00
2.866747174095034989e+00,-7.433127602080420004e+00
2.653127427284142748e+00,-8.231818284812648656e+00
4.988211061632333632e+00,-1.263750881626233635e+01
2.365678410682145127e+00,-6.490917814038438927e+00
1.966430340725130455e+00,-4.101911937452387136e+00
4.297388658217363044e+00,-1.213816377290438631e+01
3.030665347289770661e+00,-9.968146654546909957e+00
3.362124809599108310e+00,-8.496880355740033863e+00
3.784554397363811162e+00,-9.404371921614957941e+00
4.311027480573031312e+00,-1.210052929168913138e+01
3.917990677346247619e+00,-1.044950812772986382e+01
2.639779549625327348e+00,-8.754182838171191250e+00
2.340830503161550613e+00,-6.344032778245234816e+00
2.199770634841644146e+00,-5.434268079220336389e+00
2.908686194632836397e+00,-8.724929477240721098e+00
2.436940271379462786e+00,-7.292245316353898055e+00
2.782423490624064133e+00,-7.682981699613169013e+00
3.726185334692659890e+00,-9.939501949680249027e+00
1.610357593571883017e+00,-3.865357715721867926e+00
3.520915144875174541e+00,-7.115748066641756964e+00
2.701180674836308526e+00,-7.698931237632227642e+00
4.747088409254629937e+00,-1.213977496423488134e+01
4.978868739480430960e+00,-1.032989977719774899e+01
4.248775302485054972e+00,-9.973407347670448786e+00
4.499755416107481309e+00,-1.014632005080384225e+01
8.320713480839181386e-01,4.843712851210051795e+00
2.716497003388988141e+00,-6.597095978000774963e+00
3.099044100016243419e+00,-1.027413689582347800e+01
2.274688643232332552e+00,-5.908154839211749554e+00
4.140868554354575792e+00,-1.100270369482606903e+01
1.600809888424967298e+00,-6.008269429096562142e-01
2.952950006957959506e+00,-8.699457067024567891e+00
2.144996873937358828e+00,-3.606672288727683195e+00
3.466779886502797670e+00,-8.007646210138993581e+00
4.034682849091330681e+00,-1.071913813816576599e+01
3.287761070450332390e+00,-9.292898629264122690e+00
5.000101382887876866e+00,-1.077700943718743609e+01
5.240562946194838645e+00,-1.102082368742009066e+01
3.897483660251016779e+00,-9.128462954582145628e+00
3.212743571910055884e+00,-8.662134494345739455e+00
4.737313596656005821e+00,-1.244575884065722349e+01
4.807707134342311228e+00,-9.735073304478449430e+00
2.335120066134082961e+00,-5.999522246156912431e+00
3.051997125848789238e+00,-9.471292930347990691e+00
2.426070703161395059e+00,-5.789045748278947912e+00
5.461986368328529018e+00,-1.350365095751097577e+01
2.051858650761529734e+00,-4.904535879676581445e+00
2.592721247232593562e+00,-9.267732162594809253e+00
3.305876157751712618e+00,-8.945067965372096808e+00
5.078817473592517118e+00,-1.129343649279061168e+01
2.672592842351955156e+00,-5.996735392637035922e+00
2.635910890808227602e+00,-8.575455690785586782e+00
2.189781449927890034e+00,-4.730958411247576656e+00
2.967343825087307430e+00,-7.117647574322948145e+00
1.910355124588610565e+00,-3.881949968234771120e+00
3.029980073006414365e+00,-9.007481697149144040e+00
2.479041104374255511e+00,-6.867304823640214551e+00
4.161823047554099375e+00,-1.118224500700914881e+01
3.849274057898002255e+00,-1.092393798443282371e+01
2.745664932842954542e+00,-7.637142221227755101e+00
5.633474719070052927e-01,4.418248691785890969e+00
3.730010804371050703e+00,-8.718003622809174402e+00
2.666773346236760656e+00,-7.458397138204260202e+00
2.767005370731914216e+00,-6.253931378315938261e+00
4.400791182330472395e+00,-1.031277783640338974e+01
3.316779897842819125e+00,-7.729589091751523533e+00
2.524738769940399141e+00,-6.162523802828865804e+00
3.231096312161253259e+00,-5.459419389736178019e+00
1.597705333400829986e+00,-3.984474930456824104e+00
3.280762866505801956e+00,-9.645602463268399873e+00
4.315625614997327553e+00,-1.150071575020928449e+01
2.725299166662339623e+00,-5.805627632555757422e+00
2.774646018773025524e+00,-6.274456250041424710e+00
3.604444394987689648e+00,-8.626870206873185509e+00
3.091371355352323214e+00,-8.979482421075319465e+00
4.149408547707132300e+00,-1.096430315734451177e+01
2.621549775326936338e+00,-7.897237246129185984e+00
3.281729148603576007e+00,-8.017065479532181627e+00
2.106910339355672956e+00,-6.309487129794487004e+00
3.539984144887617035e+00,-9.145210353786684010e+00
2.688727977483602150e+00,-7.058666187968705152e+00
1.768249751507926515e+00,-2.111167638757059262e+00
3.297259440563570010e+00,-7.295595180403346092e+00
4.174226015206020435e+00,-9.086359943260395866e+00
2.503273128385786528e+00,-7.503545411927634134e+00
1.916309275997160277e+00,-3.293696965503053242e+00
2.398847963430172925e+00,-5.670498777353532915e+00
3.227858300247312684e+00,-8.382276564006902575e+00
5.395619981046826830e+00,-1.260397356483034415e+01
2.871181365405772734e+00,-6.337531237729278288e+00
2.971130287193403774e+00,-7.312899780255799342e+00
4.398516269996720851e+00,-1.172374951645109142e+01
3.536840770772706311e+00,-9.369761921681835304e+00
2.517903536686637800e+00,-6.081422272154314967e+00
3.041960765564275526e+00,-7.726439251635377481e+00
3.434906974594725604e+00,-1.104262034982542673e+01
3.013040309766866098e+00,-7.280945786475196968e+00
5.363515209503346703e+00,-1.384546120258086965e+01
3.177976142358065470e+00,-6.906927722297430350e+00
2.690615222511890003e+00,-6.463082709213408883e+00
5.447181498855147908e+00,-1.275613400186120927e+01
4.639797704269939871e+00,-1.112959835964982602e+01
4.769090276100018677e+00,-1.212107535842122985e+01
1.309536136089488600e+00,-1.074488789527953569e+00
9.656768182153947500e-01,2.030668351325908727e+00
4.301223259131588428e+00,-1.150155521575205597e+01
3.100843425837868317e+00,-9.176774175395115307e+00
2.816762606957431636e+00,-7.484795186043907478e+00
4.965154033975554881e+00,-1.117131790072552988e+01
1.538522970777519649e+00,-1.654348973358453101e+00
4.267249481331916172e+00,-9.788753460973174114e+00
2.953608353388176511e+00,-8.149862157555492814e+00
1.559439962685335246e+00,-2.456295758026103560e+00
3.313791546584517800e+00,-1.019971181663690096e+01
3.378187861334480679e+00,-8.576295030138711084e+00
3.350222141468326420e+00,-9.267179800832439085e+00
2.928343136590654261e+00,-8.856686582089171367e+00
1.969883819802000113e+00,-3.425562749847916422e+00
4.245672794882091594e+00,-1.114355659994675918e+01
3.494111462810634006e+00,-8.940477005265195842e+00
3.008311544493672773e+00,-7.869453350934325186e+00
3.094365301076040797e+00,-8.502648382088247914e+00
2.130357392508807290e+00,-4.179212636586265184e+00
2.940210616412467726e+00,-7.204071961504100230e+00
2.406305215607643433e+00,-7.826815192545014455e+00
4.711311571391830100e+00,-1.226503036003085256e+01
2.309605582486393249e+00,-5.964751428874027539e+00
2.421860010587749912e+00,-5.783301439386063336e+00
1.943368766427768346e+00,-4.049962269723465624e+00
3.798849485767465950e+00,-1.108088647268854920e+01
2.882647178046303438e+00,-6.636984694044281596e+00
4.315295456001079444e+00,-9.765123507592674557e+00
3.529754498291120424e+00,-8.882135434517241634e+00
1.183241055340785497e+00,1.532319985426829456e+00
3.524232976816739971e+00,-1.064516898720653515e+01
1.933321752788663250e+00,-4.081683132633078692e+00
2.504280297520000254e+00,-6.099641561587444194e+00
4.311207439277703557e+00,-1.085794684363508544e+01
2.817595419749021612e+00,-7.105427635783857276e+00
2.756470119886307302e+00,-7.923821842626886713e+00
2.580616319434339445e+00,-7.468522661665175200e+00
3.095109466322488068e+00,-8.641634716146308293e+00
3.405851075928977068e+00,-8.265497347967095010e+00
2.339900166518171787e+00,-5.709491602321104864e+00
3.946393327439532861e+00,-9.902823914231715818e+00
3.914494163369423685e+00,-1.059136030363366743e+01
2.855391205290577439e+00,-8.175405636682192778e+00
2.348079494038117332e+00,-5.662121948369504665e+00
3.217743373345014035e+00,-9.567499935560864088e+00
3.460547525227083643e+00,-1.092897540404896084e+01
6.587647730937931101e-01,5.133116060547274095e+00
2.995170925463495948e+00,-8.825456282740608671e+00
1.337488212386864772e+00,-8.426101025325993810e-01
3.406803098452421352e+00,-8.511481684103390677e+00
3.923201564562551980e+00,-9.209882818223269041e+00
2.499874026303992025e+00,-5.711118496859070248e+00
3.787158907728412238e+00,-9.623187770773343530e+00
4.049677152272229463e+00,-1.076423424564216802e+01
5.876966148887413866e+00,-1.176256049858504049e+01
3.883833901728195315e+00,-1.006335605479657502e+01
3.388709682537725865e+00,-9.583598888975799923e+00
4.242987936635171486e+00,-1.284371762483689849e+01
2.518662610650552747e+00,-5.826541682798576538e+00
1.069973672171288914e+00,1.580941531803643052e+00
2.876672504704342437e+00,-7.391514815596853083e+00
1.255434037088206001e+00,-1.213735919907306560e+00
2.571980841513986427e+00,-6.541956460615829805e+00
2.843148969356926514e+00,-8.793576570319585173e+00
4.103760460181957725e+00,-1.031171950637950019e+01
2.773638373057839779e+00,-6.587596177429122513e+00
3.182510482182218325e+00,-8.205775955616109840e+00
3.441828185827297215e+00,-8.035568955325162577e+00
4.158600193030126846e+00,-1.064566303842338968e+01
2.432918722363764275e+00,-3.883666906854112533e+00
3.246462935566746921e+00,-9.090588538014744202e+00
2.780858587184955599e+00,-7.893788954096538468e+00
1.091949695966575540e+00,-1.058969895472936518e-01
3.857780659976346005e+00,-1.068020375999726568e+01
1.718044955649633554e+00,-1.212248434107791706e+00
4.358124058408765933e+00,-1.332195559109174177e+01
4.202206088054178501e+00,-1.223748175340659472e+01
4.708941934085555836e+00,-1.349664265993072654e+01
9.930954332736332546e-01,1.884685911415574733e+00
3.814579685117973185e+00,-1.028810726878182713e+01
3.670213171084230730e+00,-8.584752790336565909e+00
4.507177968153942338e+00,-1.083787938099708725e+01
2.277995163603271589e+00,-5.196414277879805255e+00
1.604285182180540392e+00,-2.729245733868120638e+00
3.019689353482196026e+00,-8.155646069261701214e+00
5.480026807804872391e+00,-1.151617112476505689e+01
2.933717768543618210e+00,-9.333828489243293447e+00
2.529795513574307542e+00,-5.674152396624268846e+00
5.240022789279001891e+00,-1.262820662998214516e+01
1.651411150690738294e+00,-3.691319129574827773e+00
3.819582378683295865e+00,-9.732283493748468572e+00
4.318057233134100059e+00,-1.033310475623523317e+01
2.369506239262324065e+00,-6.537974553587492466e+00
1.934317585961075281e+00,-4.424047224867825534e+00
4.683986904727197143e+00,-1.093827921126053226e+01
1.833534063498504674e+00,-2.587505464657971821e+00
2.229674529169719310e+00,-4.278517414315103018e+00
2.628828457810803876e+00,-7.427977629866902021e+00
3.935803501492110890e+00,-9.831389384138820020e+00
1.114424107234464945e+00,2.292938771849705404e+00
1.915067678809158958e+00,-3.798528963029725425e+00
4.454844660738796591e+00,-1.200168676188850725e+01
2.264548330919245789e+00,-3.737385067336720379e+00
3.485304862368522549e+00,-9.367888330967240051e+00
3.921352964861186230e+00,-1.038367464675523877e+01
2.748317731695613109e+00,-8.551966175279869020e+00
3.664942153997093222e+00,-8.323967415598259478e+00
2.883228841805764997e+00,-7.206311994726938508e+00
2.182260817601694658e+00,-3.408445542046020904e+00
9.151807158933773501e-01,1.893528523498943628e+00
3.507813533094810143e+00,-9.747602606126825719e+00
3.455180068827889084e+00,-9.098124826595062942e+00
2.272728124106421888e+00,-4.648632927340530685e+00
2.979221148023310839e+00,-7.819390548997978030e+00
1.007249364231811439e+00,2.072196465738093796e+00
1.078896643476523920e+00,-4.578928144666750688e-01
5.489854195415857063e+00,-1.280919023598634787e+01
1.522968860227513765e+00,-2.003161836554645525e+00
3.702725380939049238e+00,-8.813401044174515420e+00
2.783384771845812899e+00,-8.545664553069524771e+00
3.477263877124094016e+00,-9.309431355812316511e+00
4.517225391953688884e+00,-1.298566598005460371e+01
3.023398122460180915e+00,-6.997265628158491957e+00
6.035044994393102158e+00,-1.368684583914778941e+01
3.947725988670399921e+00,-1.131976202379953023e+01
3.318486022709957517e+00,-8.873253717123649409e+00
2.365313568866476146e+00,-6.798119584312196650e+00
4.866658174831555606e+00,-1.184031069781800483e+01
3.167487786956199702e+00,-8.261252791570132814e+00
2.382149073348539758e+00,-3.984528103508622632e+00
4.385299371508802224e+00,-1.040963615702026424e+01
3.178086794186999242e+00,-8.427607182935966890e+00
3.685030076332531213e+00,-8.220228076605165413e+00
1.625886101269423678e+00,-3.913494280322827645e+00
3.374796614057914645e+00,-9.956243060325935090e+00
4.074340153856541136e+00,-1.143335725227504085e+01
2.517101653252936000e+00,-6.348101132194196694e+00
2.252372842069903847e+00,-5.027635672858765226e+00
2.971025062256129612e+00,-8.030779340885340289e+00
3.885093845831638859e+00,-1.027979064610409132e+01
2.807351487235517418e+00,-7.328102965123528989e+00
3.657188521704593409e+00,-8.705671447404670360e+00
4.252959697841834696e+00,-1.096895485866939701e+01
1.871025406661494195e+00,-3.279583871313183963e+00
3.151732669606389869e+00,-7.603444243200352837e+00
2.723936555733913689e+00,-7.058236747757591800e+00
4.321398991662439570e+00,-1.181589274633773279e+01
3.218562086968566494e+00,-1.003066374621849022e+01
4.044235645921752109e+00,-1.046551671574382603e+01
2.186597229557109223e+00,-6.170261536284365356e+00
4.582606533635466661e+00,-9.246720477979652131e+00
2.254563624809488687e+00,-4.461718982403203526e+00
3.831944672070720426e+00,-9.435905698218590487e+00
2.727510762549460566e+00,-6.442881919804881008e+00
3.616691039996037915e+00,-8.627211282299972694e+00
3.494951473560873101e+00,-9.452040363603174455e+00
3.470359558489604090e+00,-1.166799309657189987e+01
2.873834138564315577e+00,-6.923456860794508394e+00
2.035500725716916204e+00,-4.668668564730540815e+00
4.454694077136285735e+00,-9.434877363716108079e+00
2.919176521221376941e+00,-7.852937584190006426e+00
2.109877335798231446e+00,-3.976843735379555600e+00
3.729516265368808980e+00,-1.228771501630325602e+01
2.008226886921828935e+00,-5.568756624285683188e+00
4.141670585775683477e+00,-9.897415591220738662e+00
4.765520243688529334e+00,-1.229764560922119365e+01
2.854465407801372923e+00,-5.496572693689973477e+00
1.959998849568280299e+00,-4.194360338326204918e+00
1.467781200046711199e+00,-2.724836402045111683e+00
3.094057325665810598e+00,-8.579490210193052135e+00
3.730556425211876359e+00,-1.087790650524582325e+01
2.932043785634263156e+00,-8.747431280684779153e+00
3.075205237532900870e+00,-9.329376626313230503e+00
2.890875861512020251e+00,-8.648470007257254011e+00
3.532117732278759803e+00,-8.589892311744701914e+00
1.933433067778592251e+00,-4.022134735566874397e+00
2.930733884728661032e+00,-8.929044460066350553e+00
2.471355017750474836e+00,-6.135806646093942440e+00
3.686041107307963749e+00,-1.024218703937983221e+01
1.432574847559721087e+00,-1.370325804116356627e+00
2.636112792291136042e+00,-8.671356155651453790e+00
3.712992505037502333e+00,-8.757196379911173167e+00
3.697764914058406127e+00,-9.966022081498660867e+00
1.271564741130129184e+00,1.524425618197470245e-01
3.545550167610841186e+00,-1.067038387284186385e+01
2.722066783193435757e+00,-7.310287099093820018e+00
3.527084112812286509e+00,-9.241981596641236862e+00
2.467496694171155802e+00,-7.457806302907361129e+00
3.285390933640129685e+00,-8.480308374556516426e+00
2.256954275932291587e+00,-6.216714519470476041e+00
2.607517794234160302e+00,-8.936044037575637589e+00
3.479199099327780154e+00,-9.707173838580652969e+00
2.135977627116716349e+00,-5.156511674164343972e+00
3.402614528856890530e+00,-6.559172095226664112e+00
3.623406216731019480e+00,-1.009250771196976970e+01
2.896871389511823658e+00,-8.226908655008491777e+00
4.136867778299970766e+00,-8.752723536516917591e+00
3.780641622104628841e+00,-9.676884231609701459e+00
3.837103828661943439e+00,-1.110244568649805963e+01
1.602917611742068260e+00,-3.466712098268780018e+00
3.144844153169772394e+00,-7.404158853665910200e+00
2.676153957556230090e+00,-6.595656156699448047e+00
2.995599700088544814e+00,-7.103304368084479847e+00
4.030597511244575770e+00,-1.204486484207441599e+01
3.220868181173725642e+00,-7.823785110370845786e+00
4.537817270506060652e+00,-1.211957653268795276e+01
4.956189182250270164e+00,-1.317347898192953259e+01
2.575551177045731777e-02,3.222621396256198523e+01
2.768986136112554952e+00,-7.223256290976353355e+00
3.291936355563309213e+00,-7.162689161287748796e+00
3.909522806040054199e+00,-9.505390506481852242e+00
