"x1","y"
-0.21755337169522,0.995519627628651
1.10523894267092,9.07461074550439
-0.325260016130034,1.05082234960687
-1.53224529560467,1.76771201127294
-0.370691508887448,-0.695772659916045
-0.9860440224037,0.240326988325992
-1.80574050233527,1.65946597500892
-0.522339905373475,1.71508620751865
0.763320749361031,4.89132049754848
-2.02006714593905,2.68526398561727
0.554571450801133,4.43163677588446
-0.510278607728307,0.324367287997619
-0.787864580907007,-0.359830139446002
-0.898668424914771,0.884590598817902
-0.0248212313757424,2.91315289713566
-0.839888568978728,0.830878717386155
1.20174103950805,9.04942862113146
0.500866964029959,4.32496918225946
0.437551733046532,3.38363206299399
0.602712458286401,2.82206609283417
0.0432747477330542,3.4345766387645
0.0473178054098209,0.775962983481993
-1.57034715179003,0.720632627185619
0.562030582110663,4.74803021460094
0.0806680424452811,2.86914469793145
0.634326039603613,5.08164832883538
0.881360460604507,6.98250121712132
0.12317855745155,3.65858462756919
0.795145365063583,4.68612561700598
-0.0664178993498472,1.96340296854303
0.634471598836703,4.94224192752293
1.2897290560755,6.32374461389184
-1.19357597063279,0.125339526935493
0.973218467442102,7.82691052604028
-0.0124908736954777,1.10375843932565
-1.00459643476312,1.87442790181641
0.257171275360607,3.02356318944993
0.428916468109533,2.97769308870384
0.266431465984751,0.331440888892403
1.2869823424111,8.62637825470554
-1.51659497921973,1.98993334944641
-0.0736942976107211,3.12900955130555
0.618372274561775,4.37909683085823
-2.07642360118482,1.06965522222803
0.00648452161956214,3.16433738873653
-0.756460823611305,0.7452420154674
-1.04921724993279,0.724478762298314
-0.20508825497539,2.62140467049106
-0.343507505412937,1.07399211165628
-1.46061679826833,0.303166720983098
-0.629005931825335,2.27473991875182
0.213222748064598,3.18895185768434
-0.284213112974448,1.5969950398163
-0.263121398821777,1.42791059084605
1.99126800895663,15.4477002325338
0.122397850596785,2.08352980755094
0.839335460236556,4.25659026315259
0.563577368145518,2.83109273952175
-1.46739608777738,1.28262715449467
1.5861062829313,10.8899356742433
-0.932775734138258,-0.46380231962041
2.17545832280306,14.1853224266071
-0.222157271089532,2.1689098069294
0.132014984449497,3.09863122495418
-0.243798249492281,2.007007857825
2.20610397495474,16.2197675811997
0.207315213596954,2.61908324374199
0.488140337923434,4.1525854163847
-0.92530887037233,-0.263708156397815
0.644775711554839,4.57682192684699
-1.38189909236944,1.6935756095857
1.52142307840671,11.8237779288756
0.622362305887962,5.38390586411347
-2.18525673948045,1.87805047954826
0.75438835649002,3.04443981686408
-0.39824914600941,0.155474785624899
0.496027358735285,4.7348556340046
-0.27645054882704,2.21189915047855
0.00571858970471425,1.17269990282163
1.2033445377034,7.57767877678567
0.72521157884887,4.57103065266636
-0.733780606673553,1.01197634637868
-0.864872693930743,-0.825863918772526
1.53690918314669,8.32304068303585
0.746258324180482,4.98462979062378
-0.110621278540718,1.87012385648114
-1.13167079221153,0.512852948902808
0.23401178030191,4.76643567469831
-0.699999808390251,1.21910387247499
1.66686548265362,11.1965272628487
2.10635933767511,10.9553052047682
-1.25270849293727,0.0785323462033576
1.45249305719827,8.32799204482783
-0.888115646462407,1.97751562732174
-1.46036157846865,0.442727819097189
-2.22553045745534,0.504131647761286
-0.462822603263639,0.115468722320459
1.70462843436453,11.9413949053374
-2.32833281968694,3.9474187363318
-0.0927093971093677,2.66017221908305
0.392273584194638,3.97230375059534
-1.915295671008,-0.285564137920886
-0.156211201917699,2.19390801338125
2.37838351957329,16.7708141076625
-0.731045411787674,-1.27788983593467
-0.412984873611462,0.267013205520821
-0.114771696480206,2.86484316412614
0.879679957348291,7.54553329409531
0.648181094412703,5.06034289923393
-1.03971461138983,-1.45231744865139
-2.19219556542779,3.0316550875941
-1.120368451583,-0.966732046969384
0.253654940274929,1.8234247691763
0.429279127348135,5.09556133371782
1.77461557626526,11.9739934607936
-1.60180349778219,0.98306067432798
-0.616652344246635,1.73526061855214
0.536059576453819,5.37901048034966
-0.0427776141075362,1.2008955891052
0.57059336835418,4.38100529464612
-0.94469115488639,-0.77205227631771
-0.133422378239589,1.15282003168351
1.02269123196873,6.86560707717843
1.42134085699968,7.3068959666313
0.356409901551409,2.82689798649717
-1.13460600829054,1.04914209737064
1.37111436856049,9.02818217094433
0.636627528528908,4.91503904335051
-0.349418080626049,0.953132164227042
-0.567422724536394,2.78724657507499
1.49661904199369,8.79351293372452
1.12845719241728,7.16574131863234
-0.814541996792642,1.46138177447722
-0.317588793859103,1.50748128024384
-1.2084657364575,1.34809545519007
-0.0990540451671266,1.15937918876984
-0.870838308990913,-0.327730382712405
-1.31665432646474,1.32253932289415
-0.525180326410265,2.12618726786281
1.83867004055424,14.1698846577015
1.10055835472756,7.57305485481645
-1.67830909739926,1.01187765064972
0.326249693609452,4.08537546402576
-1.01386684765097,1.00838064916276
-1.66697210085335,2.0822665574792
-1.63344725396542,0.0678208646785023
0.849155136421907,7.25951367185594
0.470748755532449,3.1606840887335
0.0995345856790053,3.65881547851592
0.848337464558927,5.66837203851538
0.874022193953246,4.16547806687491
1.73061006996132,13.1035180466346
-0.615651448059046,1.54875980450365
1.58626591779136,10.7827125463621
1.35461971255915,9.43582100266827
0.238341447506935,2.06791093490248
0.969075337460967,6.51268719769881
1.33277055511367,8.6189226422636
0.786252865381866,5.88092305916772
-2.0741490415314,3.81829948408867
-0.4002912858893,-0.705012180896176
0.118496528116209,3.81376350817846
0.60849027764346,3.36808568283256
1.68126552218606,10.226777682187
-0.988105748704749,-0.322101860096552
-0.29469894520101,0.176792568389627
-0.101729692977809,1.86835233182539
-1.0769965781006,1.05751209878139
-1.81858370595133,1.2092298752557
1.48740921171298,9.07795474097023
1.64500889396278,10.6390217063578
-0.58395332882211,0.104380285829673
-0.745635027240334,1.40149992959095
0.79423718702147,6.59700893538217
0.700264110395601,3.29037992568911
-0.795721875702045,1.53882060024729
-1.18605471426388,0.494688073325767
-0.21873105727624,1.28615733470984
1.45056565031095,9.44108096983039
0.197013890620382,3.17768186792799
-0.179819692367422,1.47754209480067
0.236383689604228,0.741892898983074
-0.403239609809249,-0.101954703386228
-1.14810169099265,0.725723832719831
0.805135568091899,5.39665022073485
-0.485060452387895,2.25818817587011
-0.699034193370033,0.197749743907772
0.353125657951835,3.59545440724347
-0.468788924601263,-0.244572288954359
0.816761851891841,3.5702440185333
-0.68729868556045,0.0980161556753661
0.469894000062277,2.80169058908621
1.37001833823946,8.15613821910655
0.249676257654733,2.37589160297804
0.870725405000454,6.28112686239461
0.878981138383593,7.36814355645419
1.87807208859381,13.3792639812101
0.0734010831975208,2.93395969425616
0.354393214510363,3.02576781332595
-0.0354189768122933,2.02824468713999
-1.22098365416425,0.899216196587376
-1.28335847482348,1.16451665093484
-0.805967602182258,0.725625260386547
-1.34031803495338,0.295837089442659
0.506679904624344,4.40383597080731
0.178044163886347,3.37962247632361
1.07045725989027,7.31271752939492
0.14008726707764,2.05020320137416
-0.0613973514612477,3.95995644892291
-0.496167803933665,1.28472644388712
1.51427409103125,9.61111741657757
-0.132238376265246,1.25656143405292
-0.650539027128031,1.73023923533912
0.422974997111318,4.39979811685332
0.757992217124965,5.48596019317756
-0.132593232078903,1.42010995101777
0.535764331953192,4.11740744634641
-1.55332111265534,0.474897412413343
-0.382910245275084,2.42367200786116
-0.456179009605726,0.485917002766382
0.497936437317836,3.7798651153306
-0.913443908636088,0.260678468644694
-1.25160346002884,-0.356749659988813
0.239450327654552,1.37898545451389
-1.67392077626346,0.540161630599372
-0.225515175716602,0.570338653796832
0.820355847012346,6.31041725574769
-1.98694292926139,1.35895251449427
-0.682560034547254,0.227585200638426
0.334999321087982,3.66988260168747
-1.53113866296761,1.7050879115826
0.814763241612224,5.81510510060674
-0.146826437362256,0.294425859037682
-0.798945423682926,0.80906841000153
1.13107963011642,6.17621130300049
2.51795509020938,18.7684389246429
2.36372484432739,18.0345709272902
-1.99194231142252,1.70425729893557
0.744891188635958,3.96757039410695
-1.51512804038921,1.77323016622221
0.0165314214441454,0.335747179591753
-1.61905755197158,0.828127177744499
-0.279873869394674,1.03102085086999
-0.673445339710552,1.15843020840868
-0.825685180350049,1.61145310950163
0.125169093662621,2.38158813199268
1.67144414661361,11.7289366752747
1.37299669600379,7.80439028326013
-1.51237263447478,0.874936395274529
-1.39491566224782,0.164161947921349
-0.526195194162672,0.697964657621507
-1.20367079809216,1.0034113866677
-0.133573816088922,2.76112109695684
1.59506700377064,9.94264567491997
0.605818718917569,5.48821659678046
-0.850043878879148,1.06970642296004
0.505816165216248,3.47589406562327
2.00561956377376,14.2237508464079
-0.128527429419406,1.21154794237122
-0.710018450797979,0.674660715114468
-1.46498758135074,0.49175846621568
0.661938406831281,3.69201443734184
0.421155641135763,2.57455008063614
0.0928774645662803,1.92221142978034
-0.390950971949694,1.32175358350535
-0.371323763917495,0.97905774936707
0.268628473478227,2.71952032757443
-0.0612036602673829,2.96515499737785
-0.711379347975086,0.556872485160779
-2.08037590879425,3.13098878675485
0.931392022751859,6.79254000560788
0.221894582154149,1.49048124679657
1.59073389822367,12.0466322143617
0.551706216641554,4.90207134323747
-0.449194734273942,-0.0415421179720497
0.89481268690999,5.09580299425235
0.178289011772322,4.09297770618698
0.467691833374734,5.89432877349437
-0.895712116324748,-0.140564042714821
0.113355562536553,1.63462346846467
-2.01181304900642,0.944118785346201
-0.0958244081940868,0.319022783620792
0.853748496063517,5.29468652347098
1.84067821511614,13.9612087878372
1.99707392467783,16.467690772766
-0.90762790879385,0.858830827062429
-2.46335507592261,2.69087194066555
2.46030713233539,16.8634767524635
0.330717406367581,3.51721991124332
-0.375546402792752,0.0194537933423884
-0.0525299300744926,-0.326237251661887
-0.0251648716273808,2.05559395709936
0.170822856583181,2.02550806661563
-0.208462187375874,1.02766065564139
-0.521170816314438,0.988494900330204
-0.203723174483618,2.45799021936721
-1.64582473558251,1.00194235364967
-0.876974872150285,-0.92931900529425
-2.14387969582896,1.7680347853024
0.108935038997042,2.15035998015518
-1.71848990590355,0.467175404124591
-0.568321018185254,0.111311268057563
-1.7201342185273,-0.467887767065496
1.43170907814199,10.0425752260811
0.301210448467909,0.586696272007194
0.545925530336861,3.60017192891969
0.690595137601111,5.57094549434804
0.0240455335332695,1.58205699079226
-1.80288431995808,2.02571531627118
0.601568870993566,3.5471467247638
0.750655282081314,4.1576429063217
1.58078291698459,11.0272464939628
1.58533103861937,9.25738409505436
0.992022492952802,7.41965835321278
0.690224924169084,6.25430694787159
-0.263529555299258,1.48570336453352
0.586320469513183,2.5694276841065
-0.42796778634385,0.404768983259482
1.06894352574152,7.09534060965985
-0.767251617828339,-0.411366054561557
0.558205570717723,4.22660008440986
-1.23326152064159,-0.435905904561291
-0.148826946210186,2.04462076991533
0.469371985045767,4.80348342212201
0.662104177302399,4.21455881371072
0.166150047932261,4.51060936981219
-0.454279494163765,1.24920144586742
-0.524835725605407,3.09762670985226
0.9873372658523,7.46864439687461
-0.833314058282856,1.59607750832192
-2.38339388715866,2.28940635905814
-2.13657314141518,3.51451632596328
0.568254162962601,3.23113318671879
-0.741563767337247,1.87387261463625
0.166781842247854,3.03733803295151
-1.33894231402179,1.87780998842721
-1.41069402616862,2.38222710447288
0.86274653017571,5.24103151681015
0.342606703588935,3.54813269775162
-0.398486642974191,0.996082373858781
0.153544771138353,3.20721279191222
1.05529533463915,5.59424825994507
-0.216570367679289,1.14293949165112
-0.526285154460499,-0.423452779046108
0.486934387874462,3.46563690158978
-0.572121142933552,0.0293767169911519
2.33292142394561,17.9285244962779
-0.997864651061723,-0.942105590741253
1.06382916931179,6.87930036826358
-0.873765612198019,1.09128233296496
-1.5807484677151,-0.198457641801511
1.4501798270566,10.5384774296319
-0.406780704253923,-0.120486012970207
-0.831234925815849,-0.781589539978412
0.905429088271228,6.26765784213424
-1.80692422176893,1.6863804817315
-0.563547205822565,1.09591332925691
-0.511442217556434,1.51446852319857
-0.0730557907242672,1.10523065235769
-0.306065395520506,1.17228008877833
-0.465762888057793,1.90253685787468
-0.379307399406117,2.02526189134221
0.828383376180179,5.67549169338469
-1.09437446789332,0.934736161184458
-1.31311203284673,0.935981309504318
-1.24893233191458,-0.469569995444207
-0.261249253076164,1.65152424689627
-0.932486222187923,1.87522524533627
0.0455690488369004,1.50509172059985
-0.825069607892359,-0.277128806428768
-0.0998466118652778,1.79392639889626
0.269778341551365,2.10559501634233
-0.354488838000132,1.60885877620546
0.422985153900547,3.52262182804172
0.747953545707313,5.03089615935967
-1.78456052049365,1.29221373117427
-0.714178412212272,-0.63375212313533
-2.03387378539277,1.46044623295561
0.207853983476736,1.21259551369846
0.101020125084048,3.58311107226051
1.33112363840759,8.94878041883472
-1.59608829320569,1.75680948388441
1.00721393794182,7.49963166506147
-1.22884720210762,0.481426596593136
-0.533388419922526,0.62213047434169
0.160165112688653,1.84191150203818
-0.339539605515551,0.770077163943138
0.715005890855735,6.42958138465404
0.77546567322292,5.40039019351678
0.293213133002493,2.33840373446215
-0.290646970932036,3.62351769865053
0.270946149286919,2.32255644901709
-0.90884678017883,1.36813943668293
1.31143871147984,7.32434164559293
1.12325680977363,6.87161474875674
1.14617456632702,7.11901310600918
-1.11651204221184,0.521534855187109
-0.211456286278539,1.94256404041105
-0.684772944607,1.94825948030027
-1.88880529565052,2.92654025219118
-0.895846316109929,1.4389006811947
0.474218838631845,3.9879560638587
0.768616580240406,5.13107953287434
-2.36625711371716,4.95239426224553
0.868258560419831,7.31371159217848
0.250981432089859,3.63861844284277
-1.14599974971129,-0.473541961423298
-1.07555444104952,0.8579018403906
1.1587468353055,6.8528970015566
-0.859746397919237,-0.173685673581029
0.0953142948781966,1.22693632412338
-0.307636693037102,-0.205953664050066
1.00018087349165,4.32661251085281
0.155730577829813,1.83531536577051
-1.43907792637969,-0.395066896598989
-1.50083798032666,-0.232452767546381
0.45720634486227,4.91012959565162
-0.561713342622771,0.289547376412038
-0.99526052634838,1.74207829646938
-0.391742942313523,0.35275586276917
1.41595284006609,7.76005133437253
0.181247080909804,2.21640874150692
-0.590597039888789,1.51864902943571
0.376033729650838,4.79341804931626
-0.282795299265725,1.84691979634214
-1.05055051515624,2.0087871595258
0.827250737955141,6.44365001112204
0.341702905046132,3.59340992863901
-0.645974419696945,0.23997760226729
-1.01091695707726,1.28015458376699
-1.4555098749535,2.56271859153202
-0.37007397650669,-0.245804843457213
0.0527963776773632,0.905032764011364
2.15886811110421,14.2736182606241
-1.07180595543171,0.589134459211626
-0.925098535659097,1.19780983976979
0.0500661143510695,1.01738133816149
-0.200146514560403,1.29888870796298
-0.108245829325681,1.19061601388445
0.56677125013202,3.6679276403532
-0.516837567734616,2.1955590862174
-1.30584244380435,0.44797154923623
-0.220233756258742,1.17281433012137
-1.26200598509607,-0.647179725891536
0.568481705368822,3.83993010749327
0.563429214090947,5.0382547496307
-0.146662617670319,0.0277810720330116
-0.0171463278331678,1.36612408582508
-0.252500847744946,1.89158911942971
-1.89516016497218,1.81297571812028
-0.305909874485036,0.799211173614293
1.78699154858265,11.746733764906
1.67979921152544,12.2236487179141
-0.790957889334504,1.98972604280769
0.903408820144459,6.69237905134213
0.800443615513789,4.96230565309897
1.48426959634025,9.35151627698283
0.833613397397778,4.60518871419876
0.417669729764814,3.47509294673017
-0.122031137389811,2.55743359181595
1.16055195325726,6.43169207571238
1.49712548681111,10.1426299502628
-0.0729725983056442,2.17691496563632
1.07206082508388,6.73093056157356
-0.0419102318509925,1.84008955921014
0.145821359703746,2.61831192507496
-1.5842233204108,1.61828255038591
-0.153804658791414,1.75748786184378
0.168222161079512,3.35965304303325
-1.71170954033361,0.442519831277062
0.636772216707384,4.45590965460879
-0.602542454587915,0.760234384597152
0.176717168693665,2.48263272212698
-0.420496484586555,1.16784311444361
-0.421695080753391,1.28005443972322
1.58128071177513,9.59407319391134
0.0174564156901745,1.32904086063073
-2.06323817709242,2.1847228387811
0.347571765714371,2.80271116345192
-1.44293580012242,1.69707586798745
-0.72000488424494,-0.617922507029659
-1.20636738910377,0.675842075228234
0.425599942165891,4.03735274668102
-0.961146640411144,-0.832892122788067
0.454071377729823,4.44635084139888
-0.127793821375123,1.51614142966572
1.34046297002541,10.2013012193244
0.410289932981876,0.891441240487453
1.33646804451608,7.50180496379086
0.493032275737621,2.49708883260353
0.581922697667286,4.73262300592499
0.789263494109252,7.77959392604692
0.430711537530393,3.69602999864717
-0.287371368885209,2.42465065098924
0.590754106145115,4.37865456495993
1.32561682746011,9.24554098761585
2.19792469403764,15.2684481324998
0.264558680576144,2.20296229451647
0.110277531496755,1.54966903067562
0.47081502281066,3.99638477929931
0.44833589413501,3.95694771533783
-0.0327283748799625,1.90032289148555
0.239387312494998,1.79803850385817
1.963719619294,14.4698252803128
-0.531247416551366,0.572421548600684
-0.454697204421974,0.689034974805366
-0.169343899540943,3.02639856003089
0.901462230604183,6.07923272427834
-1.03789992701373,0.238824515614134
1.00213767867544,8.01599125149288
-0.677010067960141,0.869312012294737
-0.544911136303725,0.475107041505451
-1.92224469460688,0.886922084404098
1.11566131714617,8.20778139977217
-0.113161698032201,2.15342705500422
-0.298649451576327,0.71379529897452
-2.09888667235004,4.54237990760155
-0.628200841453801,2.43897775905737
-0.791512997360626,1.85752816722696
-1.77221887965552,2.06208708684733
-0.95775189640364,0.4160876827322
0.213697140083365,4.46673590082143
0.773574681122426,7.37103841556169
-0.619478929811394,1.62396186451457
0.0520037047278599,2.51255015615692
-0.237967748678315,1.60576508509839
0.390340811346151,2.52892012709565
-0.0955648014606007,-2.21916871460608
0.283593131107708,3.10125447936689
-0.56955004339105,0.763775889076237
0.391629150285073,3.35785428914441
0.521992056108883,3.81511838447192
-0.609102589938555,1.69462253564573
0.0168911480799573,3.58344148665405
-0.314075160325053,1.53648301067713
0.438707358679546,4.60261983771171
-0.0364633894707325,2.77494723749337
-0.299584927052878,-1.36385346681961
0.401314667537181,4.71784854491197
0.174284903431074,2.90519650012493
2.8282584588484,23.0656880840954
0.560725918483272,2.08106171655342
-0.98679446373326,0.208267567997026
-0.602551014173624,0.927957026228472
0.966715275454692,6.6939785553618
-0.559707046244743,0.514122645299395
1.550182126307,10.0902003903421
-0.325990284278619,1.25144923083412
1.17964833916458,7.22208069328015
-0.128048269596497,1.00469166036128
-0.327771825518482,1.52051847205202
-0.259979756951669,1.7574672749489
0.438940599176645,3.42427897034555
-1.78042077470116,1.14310062263092
-0.712921411408522,1.52785656469135
0.627215397106608,3.98655067338103
-1.7747987958854,1.76393643244442
-1.32660783527449,3.81155590241992
0.855963262347122,6.32155386481869
0.187083206852985,2.97854604653661
-1.00542774044266,-0.0320301389122604
-1.10184533407465,-0.40857031039443
-1.39221366269412,1.69432934897195
0.213161536061399,1.46389646776325
0.646502601840344,5.49050743713478
1.59160016743989,10.6253072697733
1.42303100948018,9.28793639571936
0.688629298851752,5.36732611092825
1.1318869527498,6.37262655546246
-0.514137348594155,0.242366534397108
2.20336237229738,18.0740139479124
-0.58348333509639,0.853052619152165
1.11784337357139,8.43207985882606
1.52158750317,9.94759026132787
-0.296448174790087,-0.13142935662682
-0.757871149621874,2.18448235791406
0.341176419505365,2.03795681160418
0.629661029586079,4.71680353313438
1.03648233199335,7.89519253687952
-1.34253374446536,0.376010191246496
0.333089313862751,4.19700212898093
0.4060729618173,3.74280788008466
-0.420346967424022,0.551922727638689
0.106392796503621,2.24920934967498
0.931638772219247,6.71912884702628
0.479444958977208,2.63593528662176
1.23951367626196,8.73926299868752
0.340391554604762,4.12234149175198
0.278688135594981,5.89262773218163
0.192413408529078,1.4992056258167
-0.739112354085189,-0.287292036626798
-0.689845109771167,1.72098765714827
-0.0329714198285697,2.11407543175536
0.434284480025128,2.83539140479643
-0.438313271832697,1.65448131609407
-0.257051265699236,3.09231074039305
-0.869703260601433,0.679629346522559
-0.638338602451263,0.0509216806761836
-0.935332416688394,-0.277532189149869
1.29497727126979,9.5337373395104
-0.592920249893055,1.76540066535144
1.47785784350975,11.1278862039834
1.23838425591363,8.08629366984027
-1.03410544893826,-1.63498111999319
-0.0300215442333305,3.35183543493692
1.03677466897188,7.08710131108574
0.443542120866933,3.87322166906278
0.00628307294274793,1.62599143936807
1.37137737905954,8.08785545196514
-0.624660262552743,0.944341114965863
1.91435958242041,12.8348924344734
-0.934947987814055,1.01059543840784
-1.35273713434235,-0.469185925342412
-0.940361828170372,1.27570943032247
1.87937468408419,13.5845208237586
0.300900615601002,1.35442265118613
1.03005937434929,7.75431727015439
0.450295487583181,3.93777848256842
-0.445887924107679,1.29122431579832
0.728396170158275,4.03606935383073
-0.0134114373633891,1.21888929367401
-0.522505858078152,2.42059125095218
-0.619277520718974,0.00274529787330391
-0.837179749915253,-0.520513238109289
0.126292097689854,1.61611793337007
-0.0129874175781342,0.997895614043049
-0.807878357056951,-0.16290003643259
0.107978388748192,3.23470876114338
0.974125933101207,5.59551371530321
0.0652049833764779,1.01794622849271
-0.311818889495172,2.44921437057475
0.168786442777726,2.23037080658238
1.14315179498041,7.35475960656557
1.29620729803375,8.42451638902308
-0.858713086757416,0.55923663299682
-0.0530946300872695,2.09269623444582
-0.479680500380292,1.87953545254262
-0.24507514770661,1.46129599011674
-1.07451452410709,-1.15579546657613
-1.41913366674245,0.945420774702811
2.15742357660836,15.0301914681339
0.0101593138193868,2.41652366677462
0.0590679914528132,3.90273176808376
-1.44362517677639,-1.0822916739853
-0.334900178050863,0.0203161972996273
0.696137157375935,4.37203407655991
-0.478032420389615,0.217036013050687
-0.350604821742396,2.32142606037728
-0.402258519774195,0.914645482517814
0.961041027010274,6.00473500882803
-0.455471310528185,1.68900279017343
-0.691368457365435,-0.0364789388393035
0.918655950155371,4.82537080652126
1.17317093950097,8.80310212041284
0.994225637924033,6.63184652723372
-0.405102015166842,1.66759398215054
1.33954990687602,9.18088351957519
0.94822377145831,6.68729360409577
-0.633414992360349,2.58897664104545
0.152274844302422,2.23588968951573
0.945081591496149,7.18556699126823
0.0836674353369308,2.00632979407448
1.89045552700573,14.5317708543853
1.47140371110055,11.6411824341364
-1.66942351024944,0.492934792677268
0.420583854029989,4.06391210922594
0.143496521621039,2.7577824553294
-0.811207662847103,1.6992604528281
-0.617950971054713,-0.304873194840515
0.659856882205376,3.67936897137867
0.945921278292715,5.23687533160713
0.855289621006829,4.34825776447245
0.291258300361533,4.31283664297298
0.874541711805122,5.98489958594969
0.0600454527137664,2.09950911824403
0.0614895079275363,3.54216258658294
1.84076692187302,12.0712779660424
0.221227985276067,0.842450192961982
-1.172910335515,-0.00830890050199096
0.783528280826427,6.04988162570677
-0.562989504166129,1.33423079035776
-1.06882134377204,-0.0692015887692682
-0.420583487017565,-0.00904841196816086
1.14330617946528,7.5405294570189
0.415628779046293,1.41169066892031
-0.776495226999106,0.777323767731193
-0.173089372246045,0.0540323482549472
-1.63617468630173,0.408003417410736
1.54813239684664,10.578228037758
-0.374013336337188,3.3591607552237
-1.30116587288844,-0.2377160976932
0.513440583212189,3.57610016884791
-1.88396866284287,2.38385116903835
-0.992141471870332,0.610016040768374
-0.385180618502148,0.754289485005771
-2.16616979797463,0.963665042227059
-0.305830466743288,1.330251515672
-0.086386746817103,0.591583030593207
0.267584050795531,2.87150232242401
1.50906395847652,9.36656617049793
-0.583616578805488,1.95216278085736
0.0443404035450666,3.49624447645452
0.478073104057506,2.3376829610464
1.06017616175612,8.04532668048888
-0.0526090416662289,1.34909889313014
0.0709306810520638,2.80258215249098
-0.898414151361817,0.712534434513592
0.750701408329618,6.37516915479398
-0.882842352093557,0.501192145274995
0.888405951921396,5.98922479177467
-0.631364326136006,1.024737478606
1.22899328986644,7.64516108888095
1.66358319711843,8.68854742691257
0.475273727896162,4.02738474170239
0.961819069440257,5.46419063333685
-0.553566078029755,-0.572107787701628
0.0923415734977961,1.277657234415
-2.70075461025636,4.95730810826355
0.400995557308746,4.73918197545457
-0.0809523435210328,2.71248325863444
1.60922942011116,11.6166369548679
1.01084689456539,5.90000160868841
0.315197126985712,2.11964664374193
-0.503086403319069,1.43371715606851
1.34118640742866,9.41011066670775
-0.730668141539156,1.37677420551779
-0.88369125550863,1.8099137802082
-0.732959724603589,0.397213687357625
0.365160251045537,1.51389352615077
0.927159095013764,4.99526754882307
1.11159863684412,6.60461913955092
-1.33578415490856,1.54917920368977
-0.221400783512557,0.871675241060771
0.218308695038554,1.64441995442641
0.787737903444414,6.0656684032135
0.341449218046722,3.3101539777214
0.396747119798719,1.94586475358408
-0.0162213476550739,2.10490187320657
1.02557630915984,6.05716596643725
-1.06982929373729,0.484278414433057
1.37558851392611,9.09136987916567
-0.164795163356834,2.93806998801961
-0.40152464324823,2.29141448180265
2.43035619657998,19.3819347851503
-1.85864944624314,-0.233711191262667
-0.896236133800879,0.721022601432632
0.168795805155307,3.95215864771752
1.13794619626649,8.88488696550667
-1.33910745963297,0.146598031941958
1.61774234441681,11.3239878303562
-1.07133858312374,0.0354871617892885
-0.418997810055349,0.729656188853828
1.79252500245377,10.9859182525411
-1.75494967842112,2.56301146214596
1.46462182410515,9.9508188441381
-1.02116469121402,2.35243214616697
-0.741896141609249,-0.0830702491841105
0.159636682125553,3.37523673769312
1.16772234487205,6.88578927532037
0.258895450980829,3.7684296436631
0.696988880068032,4.47967658198322
-1.22459161086254,0.0140748890418373
1.71982908305779,11.1879158471469
1.45644161826584,9.55068821733932
-0.267722577652262,2.07123348997258
-0.309660938061883,1.74260083670196
-0.672744737245492,1.71113788612823
0.168078309870386,0.224768510801704
1.1903871396131,8.75994488657632
-0.660195621043546,1.02482975749927
1.26004120648392,7.93192901950583
0.57229458700062,4.63485320977604
1.74416464385606,12.5600291250167
1.43819231325112,8.08564242671893
-0.622444935247723,0.488304455674512
-0.756858239358039,2.48144919453725
0.127310781567829,2.69830492945379
1.0437775512938,6.12153137209304
0.0497751303085433,1.69229714671352
1.15213453741382,7.54982839267347
1.52649542797547,10.7978972090902
0.000980588212721326,1.16548765416657
-0.0845483108352253,2.15699416064001
1.17957391794374,7.84861499849728
-0.545361453205361,1.01762992551492
0.979675218013745,7.26368930791808
-0.455878177768379,-0.111675590688241
-0.777828334889758,0.630217667449856
-0.141262864001577,1.64139912486776
1.43762832864957,7.68186186941952
-0.599462526452488,0.979316326463426
-2.30840533203319,3.61481108593741
0.364239136778336,2.4696310025781
-1.30620034736198,0.938372974456292
0.655889521555603,4.9864001092474
0.525133329949351,3.84272805606856
0.277122491805267,0.634679063343588
0.178737389498756,2.68507619909676
0.889382634999364,5.56838874663815
0.255116651249551,2.53504086139175
1.62227438729726,10.7702942572306
-0.439708773401813,-0.821972593862307
-0.406467855136485,1.79832348664991
1.71036803840006,11.0127835563755
0.375596771166402,4.27928312464662
-0.321649614722295,3.08767646878707
-1.49770843444335,1.24832285159605
-0.780981248967453,0.484455903961235
-0.583028714017797,1.34329927218486
1.04198035529604,6.67344772287413
0.655270236897977,3.86638032178024
-1.61973576092527,1.35660199283428
0.415910503853324,2.50455713600246
-1.3534876627129,0.532074823304183
0.604887027242726,3.28042390212741
0.0203993261354811,2.38896328589786
0.0927107506421625,3.00507217250411
-0.349847539190352,1.55499687028928
0.277036576549551,4.2555065902473
-1.64228985813382,0.526443046681159
1.55560632613111,10.6963979691039
0.820654392836022,4.25341223437336
1.49312151882126,10.8003234628928
1.24966013594537,7.65752295328837
0.64776244682343,5.22655369935976
-0.593153205698574,0.976098971837534
1.57881966592955,9.96399568470753
2.09207470992686,14.1020062480562
-1.08250566137581,-0.548388663099467
0.182563996855056,2.55819387054945
1.99488429946517,14.3999434574722
-0.937598569505687,-0.815439798028628
0.794633885656522,4.92740623378957
0.582620698323339,4.62581705534309
-0.245289454456406,2.86587607189148
-0.567675810463484,1.14077479303456
0.767219748021755,5.9834941746508
-0.579002450320273,1.10273048061561
1.61544610253161,11.2617202535508
-0.0304414339724158,0.300119945136493
-1.2313065751526,-1.52382512355227
-0.899316827404607,1.41285190774968
-0.736826056855993,0.834317067410446
-0.0945333111465024,3.85132597964764
-0.522046926742292,1.39112587374077
0.235161678962484,3.30773876656527
-0.0442562903473807,1.6627740175448
-1.7671590601781,0.991061197977008
-1.82225100576896,1.8625548170632
0.836471028038334,5.6942477576668
-1.80397254674815,1.1774456272475
-1.16902441428442,1.83493718658752
1.14690970066667,9.02908024148952
-1.27114346204816,1.50107904007809
0.150466732274255,5.04470250069405
0.686760492535628,3.63878097183355
-0.77983123674936,0.269212633475136
0.110046172125645,2.85086838279243
-1.30807528417416,-1.57062375408229
0.537355380953125,3.37743886820361
-0.0226008773972725,1.5920156381771
-0.869794075610911,-0.81619174661244
-0.961011743824097,0.85320476556699
0.767378578386794,4.31073219441267
-1.47143799322764,0.275982071271093
0.752932127640694,5.99076762133281
-1.56236019979425,1.34940778513661
0.023636310906732,-0.326217846807047
-1.63481367379946,1.71125300266296
0.586986338502295,2.9549219828138
0.234207050615278,1.34807577361185
0.932732466345856,7.60264193222184
0.866244787325046,6.64336150901585
0.695721338630213,5.3803945449877
0.112123900775081,2.23376930165169
0.273290192134253,2.68257196865069
-1.31214966364863,0.330884624109183
-0.857145509759016,0.574763847668812
-0.0420578393677763,1.49283734939225
-0.439843244464832,-0.195814241221914
-0.404062634735389,0.492812972561941
-1.58273429194884,0.541336201312551
2.09401633094601,13.5679603728754
0.15266291171688,1.08004044640548
0.389475877340051,3.21751161986945
0.808570959772263,6.56230924875339
1.02641874666881,5.43363970705856
-0.590616878535735,-0.0354870032898591
0.387064176217737,2.099293421173
-0.311781628795845,0.000997355934097666
0.941814894025817,5.3212945524361
-1.06214263247795,-0.156937280639213
-0.0975079937241643,3.44669498907172
-0.715703006117068,-0.934062778159587
0.315862959143975,4.75264908719188
0.568593394477436,3.54754661231622
-1.48263462278091,0.0720923162511234
-0.695675581370704,1.0762968451879
0.776191132592095,5.28387093610634
-0.326884033698229,0.117570434950444
0.544894603166581,4.82082125565025
0.233299363893832,2.74882930291486
1.00214848637922,5.67960432099193
-0.129298577429064,1.25659321708112
1.61729258048376,8.88395417700775
0.760322397050152,4.98230198306263
0.406217991011115,3.22187884126661
0.124737746073493,1.86300414984447
-1.57297349131447,0.91900929210038
0.231035431101378,1.40191865495083
1.79396173105913,13.4868298668871
0.618417570413224,4.56786779223924
0.689664449860538,4.50923602043889
-0.579968464313763,0.717441279561623
1.76330943263011,12.5212225646461
-1.07687005763769,-0.478131065729231
0.131992009598298,3.02039499613343
0.962845885227264,6.7632468405676
0.222215372577469,1.7033697923377
-0.53464546466137,-1.66328268911499
-0.203285072271559,0.235172707395711
0.00153861045332799,1.32661560229958
-1.75243178327738,-0.147337618154554
0.280288524009151,5.01423509885223
-0.886179662617542,-0.317626392148942
1.40915477294382,9.77887928471226
-1.76625117242091,1.93907903313377
0.149231712098692,2.92425750297806
0.195444621229075,2.69571705493442
0.00962558916001981,2.09862429266635
-2.05170822593308,1.69740330031739
-1.82731203939139,2.11049003110166
-0.118832747405704,2.11862421429733
-1.41773491489752,0.299433229229225
0.451090079146294,4.59065135880743
1.76666852024583,11.9220379742934
-0.629743945303138,-0.0375243402323306
-1.46830897545781,1.11036997171903
1.84445219298168,13.0076204053594
0.975921744070045,7.45341792963994
0.147761412410654,2.72603248147142
-0.568389216344525,-0.811606030925421
1.31460645880523,8.50955587617109
-0.464872573456591,2.2596727421891
-0.731593935445218,0.9627781328123
0.145449360432732,1.41709365846004
0.881068989066555,4.52530464532415
-0.767105798136131,0.382361668646005
2.07784687593255,14.8364527613246
0.822337272069757,6.08427993013182
-1.18540355045676,1.7755176357383
-0.467906991648651,1.12871311573714
-2.27848637553772,2.83120775838753
0.522997344919873,4.12426715642014
-1.12446221878712,3.48102502668192
-2.3141392776374,2.63288019192355
-1.63767605372294,2.00854291096609
0.96537878635736,6.70003566217773
0.0325490621846904,1.9496856528431
0.33458570424345,1.85332295889836
1.19385454653084,9.08316042196579
0.856837385740059,4.8235894168909
0.338977629703053,2.90403814557088
-0.459280650897961,0.492171649419205
-0.136152671784279,1.98473519208199
-1.20840227026455,-1.58816801676428
1.57333380724274,9.92415572911563
-1.0863513786847,-0.324023159923504
0.0527664068067522,0.802563277199007
-0.20433084938859,0.862274790253327
-1.89228327909641,2.02333660553376
0.075183879668118,1.97816618540896
0.09898447791408,1.59669069464156
0.484022831506717,5.97788975966497
-0.0586334397171148,1.22138352564049
0.353160383150133,3.17178044330869
1.21505407925862,8.40341424833005
-0.88538684858095,-0.73302691448828
0.879725392824512,8.33390985108287
-0.0575968467927987,2.17381024880172
1.40881967259873,9.64140398780651
1.70024385024846,10.9035609344678
0.694695690270603,4.809866364526
-0.315210274505819,0.685551542935301
-0.176693612142189,3.22574658207625
1.91071681126901,13.5825888100664
0.232720621631987,1.63834752838078
-0.399028503919459,2.18284817902048
1.64041953680801,10.9343158872432
-0.691002956467206,1.25214184640001
-1.23014620643345,0.330351231114109
0.0610054227531762,4.09891021710198
-1.24837203873061,0.339215409040504
1.86057006802071,13.2680549669243
0.0427722053306551,2.53536181093954
-0.372002914703231,1.36487799937584
1.87320379845555,13.4755533904217
0.128764454956633,2.65346263984151
-0.688744078570922,2.89135357237934
-0.966238416596207,-0.292029244618965
